{
	"description": "Nrf52-DK",
	"components": [
		{
			"name": "nrf52832",
			"id": 0,
			"type": "MCU",
			"class": "Nrf52832"
		},
		{
            "name": "BME280",
            "id": 8,
            "type": "Peripheral",
            "class": "BME280",
            "config": {
                "pins": {
                    "sda": 14,
                    "scl": 15
                },
                "generators": {
                    "humidity": 1,
                    "temperature": 2
                }
            }
        }
	]
}
